motif_id	motif_alt_id	sequence_name	start	stop	strand	score	p-value	q-value	matched_sequence
5		sigpeak1023	254	268	-	24.7763	4.35e-10	0.000486	GCCAGCAGAGGGCAG
5		sigpeak1404	133	147	+	24.6711	8.69e-10	0.000486	gccagcagagggcac
5		sigpeak1192	98	112	-	24.25	1.66e-09	0.000585	GCCAGCAGGGGGCAG
5		sigpeak795	152	166	+	24.1974	2.09e-09	0.000585	gccaccagagggcac
5		sigpeak1264	27	41	+	23.6184	5.11e-09	0.000764	gccagaagagggcag
5		sigpeak1376	117	131	-	23.5921	5.47e-09	0.000764	GCCAGCAGAGGGCGC
5		sigpeak777	28	42	-	23.5132	6e-09	0.000764	GCCAGAAGAGGGCAC
5		sigpeak114	111	125	+	23.5132	6e-09	0.000764	gccagaagagggcac
5		sigpeak1269	103	117	-	23.3289	6.52e-09	0.000764	GCCACTAGAGGGCAG
5		sigpeak69	180	194	-	23.2368	7.49e-09	0.000764	ACCAGCAGAGGGCAG
5		sigpeak424	283	297	-	23.2237	8.37e-09	0.000764	GCCACTAGAGGGCAC
5		sigpeak1468	396	410	-	23.2237	8.37e-09	0.000764	GCCACTAGAGGGCAC
5		sigpeak1123	384	398	-	23.1184	1.05e-08	0.000764	GCCACCAGAGGGCGC
5		sigpeak199	93	107	+	23.1184	1.05e-08	0.000764	gccaccagagggcgc
5		sigpeak642	365	379	-	23.0789	1.15e-08	0.000764	GCCAGCAGATGGCAG
5		sigpeak976	132	146	+	23.0789	1.15e-08	0.000764	gccagcagatggcag
5		sigpeak705	98	112	-	23.0395	1.23e-08	0.000764	GCCACAAGAGGGCAC
5		sigpeak1385	106	120	+	23.0395	1.23e-08	0.000764	gccacaagagggcac
5		sigpeak212	231	245	-	22.8026	1.42e-08	0.000785	GCCACTAGGGGGCAG
5		sigpeak436	132	146	-	22.7763	1.48e-08	0.000785	TCCAGCAGAGGGCAG
5		sigpeak1533	231	245	-	22.7763	1.48e-08	0.000785	TCCAGCAGAGGGCAG
5		sigpeak478	126	140	-	22.5789	2.05e-08	0.00102	GCCAGGAGAGGGCAG
5		sigpeak561	119	133	+	22.5526	2.09e-08	0.00102	gccagcaggtggcag
5		sigpeak736	146	160	-	22.4342	2.36e-08	0.00104	GCCAGAAGAGGGCGC
5		sigpeak192	112	126	-	22.3026	2.51e-08	0.00104	TCCACCAGAGGGCAG
5		sigpeak1346	144	158	+	22.2632	2.58e-08	0.00104	accagtagagggcag
5		sigpeak1373	122	136	-	22.2368	2.75e-08	0.00104	ACCACCAGGGGGCAG
5		sigpeak602	116	130	-	22.1579	2.95e-08	0.00104	ACCAGTAGAGGGCAC
5		sigpeak1495	129	143	-	22.1447	3.08e-08	0.00104	GCCACTAGAGGGCGC
5		sigpeak80	281	295	-	22.1053	3.23e-08	0.00104	GCCAGTAGATGGCAG
5		sigpeak1243	112	126	+	22.0921	3.27e-08	0.00104	gccagtagggggcgc
5		sigpeak1586	178	192	-	22.0921	3.27e-08	0.00104	GCCAGTAGGGGGCGC
5		sigpeak1513	324	338	-	22.0789	3.37e-08	0.00104	GCCACCAGGTGGCAG
5		sigpeak273	356	370	-	22.0789	3.37e-08	0.00104	GCCACCAGGTGGCAG
5		sigpeak1640	110	124	-	22.0658	3.47e-08	0.00104	GCCAGCAGAGGGCAA
5		sigpeak738	247	261	+	22.0658	3.47e-08	0.00104	gccagcagagggcaa
5		sigpeak17	100	114	-	22.0526	3.55e-08	0.00104	ACCAGCAGAGGGCGC
5		sigpeak928	149	163	-	22.0526	3.55e-08	0.00104	ACCAGCAGAGGGCGC
5		sigpeak991	65	79	-	21.9737	3.84e-08	0.0011	ACCAGAAGAGGGCAC
5		sigpeak1471	313	327	-	21.8947	4.07e-08	0.00114	GCCAGCAGATGGCGC
5		sigpeak62	97	111	-	21.7368	4.55e-08	0.0012	ACCAGTAGGGGGCAG
5		sigpeak1082	2	16	+	21.6711	4.99e-08	0.0012	gccagaagagggcat
5		sigpeak823	48	62	-	21.6711	4.99e-08	0.0012	GCCAGAAGAGGGCAT
5		sigpeak584	75	89	-	21.6711	4.99e-08	0.0012	GCCAGAAGAGGGCAT
5		sigpeak1212	175	189	+	21.6711	4.99e-08	0.0012	gccagaagagggcat
5		sigpeak374	215	229	+	21.6711	4.99e-08	0.0012	gccagaagagggcat
5		sigpeak1045	99	113	-	21.6316	5.14e-08	0.0012	GCCACTAGATGGCAG
5		sigpeak1077	149	163	-	21.6316	5.14e-08	0.0012	GCCACTAGATGGCAG
5		sigpeak904	234	248	-	21.5789	5.57e-08	0.00127	GCCAGTAGGTGGCAG
5		sigpeak1417	115	129	+	21.3684	6.65e-08	0.00149	gccagcaggtggcgc
5		sigpeak930	178	192	-	21.2895	6.95e-08	0.00151	GCCAGAAGGTGGCAC
5		sigpeak1066	122	136	+	21.2632	7.15e-08	0.00151	accactagggggcag
5		sigpeak1422	276	290	-	21.2632	7.15e-08	0.00151	ACCACTAGGGGGCAG
5		sigpeak420	114	128	-	21.1184	8.02e-08	0.00164	TCCACCAGAGGGCGC
5		sigpeak750	147	161	+	21.1053	8.07e-08	0.00164	gccactaggtggcag
5		sigpeak123	112	126	+	20.8158	1.02e-07	0.00195	gccacaaggtggcac
5		sigpeak537	99	113	-	20.8026	1.03e-07	0.00195	CCCACTAGAGGGCAG
5		sigpeak107	139	153	-	20.8026	1.03e-07	0.00195	CCCACTAGAGGGCAG
5		sigpeak1355	158	172	+	20.8026	1.03e-07	0.00195	tccactagggggcag
5		sigpeak527	183	197	-	20.6711	1.1e-07	0.00204	GCCACCAGAGGGCTG
5		sigpeak493	100	114	-	20.6053	1.16e-07	0.00204	ACCACTAGAGGGCGC
5		sigpeak1574	129	143	-	20.6053	1.16e-07	0.00204	TCCACCAGATGGCAG
5		sigpeak238	24	38	-	20.5921	1.18e-07	0.00204	GCCAGAAGAGGGCGT
5		sigpeak622	101	115	-	20.5921	1.18e-07	0.00204	TCCACCAGGGGGCGC
5		sigpeak1076	96	110	+	20.5658	1.21e-07	0.00204	accagtagatggcag
5		sigpeak1341	63	77	-	20.5526	1.23e-07	0.00204	TCCAGCAGGTGGCAG
5		sigpeak1002	124	138	-	20.5526	1.23e-07	0.00204	CCCAGCAGATGGCAG
5		sigpeak829	157	171	-	20.5395	1.24e-07	0.00204	ACCACCAGGTGGCAG
5		sigpeak1185	93	107	-	20.5132	1.28e-07	0.00207	GCCAGCAGGGGGCTC
5		sigpeak216	146	160	-	20.4605	1.33e-07	0.00212	ACCACGAGAGGGCAC
5		sigpeak29	265	279	-	20.3026	1.47e-07	0.00232	GCCACTAGAGGGCGT
5		sigpeak387	169	183	+	20.2763	1.5e-07	0.00232	cccactagggggcag
5		sigpeak350	261	275	+	20.25	1.52e-07	0.00232	gccaggaggtggcac
5		sigpeak582	26	40	+	20.1316	1.59e-07	0.0024	accagaagagggcat
5		sigpeak186	130	144	+	19.9868	1.79e-07	0.00267	gccaccagggggcga
5		sigpeak1333	419	433	-	19.9211	1.87e-07	0.00271	GCCACTAGGTGGCGC
5		sigpeak1157	225	239	+	19.9079	1.89e-07	0.00271	gccacaagggggcaa
5		sigpeak1165	163	177	-	19.9079	1.89e-07	0.00271	ACCACAAGATGGCAG
5		sigpeak621	379	393	-	19.8553	1.96e-07	0.00276	ACCAGGAGAGGGCGC
5		sigpeak1176	103	117	+	19.8421	1.98e-07	0.00276	gccagcaggtggcaa
5		sigpeak699	173	187	-	19.8289	2e-07	0.00276	ACCAGCAGGTGGCGC
5		sigpeak41	132	146	+	19.7368	2.08e-07	0.00283	accaccagagggcgt
5		sigpeak1136	163	177	-	19.6711	2.12e-07	0.00286	TCCAGAAGAGGGCAT
5		sigpeak959	147	161	-	19.5789	2.23e-07	0.00297	CCCACGAGAGGGCAG
5		sigpeak515	98	112	-	19.5395	2.29e-07	0.00298	TCCACAAGGGGGCGG
5		sigpeak133	514	528	-	19.5395	2.29e-07	0.00298	CCCAGCAGAGGGCAA
5		sigpeak1130	156	170	-	19.5263	2.32e-07	0.00298	TCCACTAGATGGCAC
5		sigpeak489	297	311	-	19.5	2.34e-07	0.00298	ACCAGCAGAGGGCTC
5		sigpeak616	121	135	+	19.4605	2.41e-07	0.00303	accactaggtggcac
5		sigpeak1539	110	124	-	19.4079	2.49e-07	0.00309	GCCACAAGAGGGCTC
5		sigpeak1401	331	345	+	19.3947	2.52e-07	0.00309	gccacgagagggcaa
5		sigpeak1159	153	167	+	19.3684	2.58e-07	0.00314	tccagcaggtggcgc
5		sigpeak564	49	63	+	19.3026	2.68e-07	0.00323	gtcagtagagggcac
5		sigpeak1050	288	302	-	19.1974	2.82e-07	0.00332	GCCAGCAGAGGGCTT
5		sigpeak467	101	115	+	19.1447	2.86e-07	0.00332	cccagaagagggcat
5		sigpeak1153	104	118	+	19.1053	2.91e-07	0.00332	tccactaggtggcag
5		sigpeak335	141	155	+	19.1053	2.91e-07	0.00332	tccactaggtggcag
5		sigpeak518	107	121	-	19.1053	2.91e-07	0.00332	TCCACTAGGTGGCAG
5		sigpeak391	161	175	+	19.0263	3.04e-07	0.00343	gccagcaggaggcag
5		sigpeak929	121	135	+	18.9211	3.22e-07	0.0036	tccacaaggtggcag
5		sigpeak1601	451	465	-	18.8553	3.36e-07	0.00372	ACCAGTAGGTGGCGC
5		sigpeak169	189	203	-	18.8289	3.43e-07	0.00375	GCCACAAGGGGGCGA
5		sigpeak1035	166	180	+	18.7632	3.55e-07	0.00385	accactagagggcgt
5		sigpeak1659	152	166	-	18.6711	3.71e-07	0.00398	ACCAGAAGGTGGCGC
5		sigpeak1664	258	272	-	18.6184	3.79e-07	0.00403	TCCAGCAGGGGGCTG
5		sigpeak1203	172	186	-	18.5789	3.88e-07	0.00409	GCCACAAGAGGGCCG
5		sigpeak312	100	114	-	18.5526	3.93e-07	0.0041	ACCACTAGGGGGCAA
5		sigpeak773	292	306	-	18.4737	4.07e-07	0.00421	GCCACAAGAGGGCCC
5		sigpeak86	173	187	-	18.4474	4.12e-07	0.00422	TCCACTAGATGGCGC
5		sigpeak397	109	123	+	18.3947	4.25e-07	0.00431	tccagtaggtggcgc
5		sigpeak1257	235	249	-	18.3816	4.28e-07	0.00431	ACCACTAGGTGGCGC
5		sigpeak809	308	322	-	18.2105	4.69e-07	0.00468	GTCACCAGATGGCAG
5		sigpeak1118	41	55	+	17.8684	5.54e-07	0.00548	cccagtaggtggcgc
5		sigpeak959	370	384	+	17.6842	6.1e-07	0.00593	gtcaccaggtggcag
5		sigpeak1315	120	134	-	17.6842	6.1e-07	0.00593	GTCACCAGGTGGCAG
5		sigpeak1392	120	134	-	17.6447	6.21e-07	0.00598	GCCAGAAGAGGGTGG
5		sigpeak545	38	52	+	17.5789	6.43e-07	0.00614	atcagaagagggcac
5		sigpeak1335	28	42	+	17.5395	6.54e-07	0.00619	gccagaagagggtgc
5		sigpeak604	564	578	+	17.4211	6.92e-07	0.0065	gccagcagaggccat
5		sigpeak284	197	211	+	17.3816	7.09e-07	0.0066	accactagatggcaa
5		sigpeak657	196	210	-	17.3158	7.36e-07	0.0068	GCCACTAGGTGGCGA
5		sigpeak258	206	220	+	17.2763	7.53e-07	0.00688	gtcagaagagggcat
5		sigpeak298	40	54	+	17.2632	7.57e-07	0.00688	gccaccagggggcct
5		sigpeak950	342	356	+	17.1974	7.82e-07	0.00705	gccaccagatgccag
5		sigpeak952	139	153	-	17.1579	7.97e-07	0.00712	GCCTGCAGGGGGCAC
5		sigpeak513	93	107	+	17	8.57e-07	0.00754	gtcagaaggtggcag
5		sigpeak790	79	93	-	17	8.57e-07	0.00754	ACCAGCCGGGGGCAG
5		sigpeak287	137	151	-	16.8684	9.22e-07	0.00805	GCCAGCAGGGGGAGC
5		sigpeak49	153	167	-	16.8026	9.53e-07	0.00819	ACCACCAGGTGGCTC
5		sigpeak237	271	285	-	16.8026	9.53e-07	0.00819	ACCACCAGGTGGCTC
5		sigpeak1623	237	251	+	16.7237	9.95e-07	0.00849	gccaggaggaggcac
5		sigpeak288	134	148	+	16.6974	1.01e-06	0.00854	cccacgagatggcgc
5		sigpeak26	58	72	+	16.6053	1.05e-06	0.00884	accaggagtgggcac
5		sigpeak950	332	346	+	16.5658	1.07e-06	0.00893	gccaccaggtgccac
5		sigpeak1140	35	49	-	16.5395	1.08e-06	0.00897	ACCACTAGGTGGCGT
5		sigpeak784	203	217	-	16.5132	1.1e-06	0.00902	GCCAGAAGATGCCAG
5		sigpeak66	148	162	-	16.5	1.11e-06	0.00902	GCCACTAGGGGGAAC
5		sigpeak140	300	314	+	16.3158	1.21e-06	0.00982	cccaggagagggctc
5		sigpeak247	332	346	+	16.2237	1.28e-06	0.0102	accagaaggtggctg
5		sigpeak1452	125	139	+	16.0658	1.38e-06	0.011	tacagcagggggcag
5		sigpeak1113	135	149	-	15.8947	1.49e-06	0.0117	GCCAGTAGGGGGAGC
5		sigpeak1113	166	180	-	15.8947	1.49e-06	0.0117	GCCAGTAGGGGGAGC
5		sigpeak722	177	191	-	15.8816	1.5e-06	0.0118	ACCAGAAGAGGGAAG
5		sigpeak633	138	152	+	15.8684	1.52e-06	0.0118	gtcacaagatggcgc
5		sigpeak747	165	179	+	15.8421	1.53e-06	0.0118	tccactagatggcga
5		sigpeak834	134	148	+	15.8026	1.56e-06	0.012	tccaccagggggtgg
5		sigpeak1334	121	135	-	15.7895	1.57e-06	0.012	CCCAGTAGATGGCGA
5		sigpeak435	151	165	+	15.7763	1.58e-06	0.012	accactaggtggcga
5		sigpeak442	172	186	+	15.7368	1.62e-06	0.0121	tccagcagtgggcaa
5		sigpeak1439	127	141	-	15.6842	1.66e-06	0.0124	GCCAGGCGAGGGCGC
5		sigpeak408	203	217	-	15.4474	1.86e-06	0.0138	AACAGCAGGGGGCGG
5		sigpeak982	131	145	+	15.4342	1.87e-06	0.0138	tccagtagatggccc
5		sigpeak606	39	53	+	15.3684	1.93e-06	0.0141	tccaccaggaggcgc
5		sigpeak764	269	283	-	15.2105	2.08e-06	0.0151	GCCACGCGAGGGCGC
5		sigpeak13	100	114	+	15.1711	2.12e-06	0.0153	cccaccagggggtgc
5		sigpeak147	218	232	-	15	2.29e-06	0.0164	TCCAGCAGATGGTGC
5		sigpeak993	103	117	+	14.7632	2.55e-06	0.0182	actaggagagggcag
5		sigpeak1290	115	129	-	14.6974	2.63e-06	0.0186	CTCACTAGGGGGCGC
5		sigpeak1546	289	303	-	14.6842	2.65e-06	0.0186	TCCAGCAGAGGGGGC
5		sigpeak696	117	131	-	14.6711	2.66e-06	0.0186	GCCAGGAGGGGGAGC
5		sigpeak35	97	111	-	14.5658	2.78e-06	0.0193	ACCTGAAGGGGGCAG
5		sigpeak437	313	327	+	14.4737	2.9e-06	0.0197	tccagcaggtggtgc
5		sigpeak632	92	106	-	14.4737	2.9e-06	0.0197	GCCAGCAGTGGGTGG
5		sigpeak1131	455	469	-	14.4737	2.9e-06	0.0197	ACCAGTAAGGGGCAG
5		sigpeak1266	138	152	+	14.4605	2.91e-06	0.0197	accagtagggggcca
5		sigpeak1606	92	106	+	14.4342	2.95e-06	0.0197	cacacaagagggcag
5		sigpeak801	213	227	-	14.4342	2.95e-06	0.0197	CCCAGTAGAGGGTAT
5		sigpeak710	183	197	+	14.3289	3.08e-06	0.0204	atcacaagatggcgc
5		sigpeak709	523	537	+	14.3289	3.08e-06	0.0204	gtcagaagagggtag
5		sigpeak604	13	27	-	14.2763	3.16e-06	0.0207	ACCAGCAGAAGGCTC
5		sigpeak499	454	468	+	14.1974	3.26e-06	0.0213	gccagtaggtggagc
5		sigpeak1534	196	210	-	14.0658	3.45e-06	0.0224	GCCAGGAGGGGGGGG
5		sigpeak1043	104	118	+	14.0526	3.47e-06	0.0224	tccactagagggcca
5		sigpeak765	222	236	+	14.0263	3.51e-06	0.0225	gccagaaagtggcac
5		sigpeak1389	96	110	-	14.0132	3.52e-06	0.0225	GCCAGAAGGTGGAGC
5		sigpeak156	123	137	+	13.9868	3.56e-06	0.0226	acctcaagggggcac
5		sigpeak1576	94	108	+	13.9474	3.62e-06	0.0228	tccactagagggagc
5		sigpeak1253	170	184	+	13.8684	3.74e-06	0.0235	gtcaggagggggcga
5		sigpeak1019	306	320	-	13.8289	3.79e-06	0.0237	ACCACAAGATGGTGC
5		sigpeak1522	124	138	-	13.7763	3.88e-06	0.0241	ACCAGAAGGTGGTGC
5		sigpeak231	177	191	-	13.7105	3.99e-06	0.0246	AACACAAGGGGGCGC
5		sigpeak1569	392	406	-	13.6184	4.14e-06	0.0254	ATCAGCAGAAGGCAG
5		sigpeak824	233	247	+	13.5263	4.29e-06	0.0262	ctcagcagtgggcag
5		sigpeak530	172	186	-	13.4474	4.42e-06	0.0269	TACACTAGATGGCAG
5		sigpeak1000	135	149	-	13.2763	4.72e-06	0.0285	GCTAGCAGAAGGCAG
5		sigpeak784	255	269	-	13.2368	4.8e-06	0.0288	CCCACAAGAGGGAGC
5		sigpeak1492	346	360	-	13.1184	5.03e-06	0.03	ACCAGGAGAGGGTGT
5		sigpeak77	314	328	-	13.0789	5.11e-06	0.0304	GCCAGGAGGTGGAGG
5		sigpeak136	368	382	+	12.9474	5.37e-06	0.0317	tccacaaggtggtgg
5		sigpeak1175	114	128	+	12.9211	5.42e-06	0.0319	accagcaggtggggc
5		sigpeak322	109	123	+	12.8158	5.62e-06	0.0329	cccacaagggggagg
5		sigpeak1268	197	211	-	12.7237	5.82e-06	0.0338	TCCACAAGGTGGAAG
5		sigpeak1447	195	209	+	12.7105	5.85e-06	0.0338	gccagaaaatggcat
5		sigpeak1151	124	138	+	12.6579	5.96e-06	0.0343	accacgagggggagc
5		sigpeak134	327	341	+	12.5132	6.3e-06	0.0361	gacagcagagggtgc
5		sigpeak1418	136	150	+	12.4737	6.4e-06	0.0361	gtcagcagggggagc
5		sigpeak1614	275	289	+	12.4737	6.4e-06	0.0361	accagaaggtggagc
5		sigpeak1659	283	297	-	12.4737	6.4e-06	0.0361	ACCAGAAGGTGGAGC
5		sigpeak187	31	45	+	12.4474	6.46e-06	0.0363	cccagaaggggccaa
5		sigpeak1099	108	122	+	12.4079	6.55e-06	0.0366	ccctgaagatggcag
5		sigpeak736	156	170	-	12.3816	6.62e-06	0.0368	GCCTGCAGAGGCCAG
5		sigpeak391	200	214	+	12.3684	6.65e-06	0.0368	gccaggaggtggggg
5		sigpeak153	150	164	-	12.3553	6.68e-06	0.0368	GCCAGAAGGTGCCTG
5		sigpeak1111	138	152	+	12.2632	6.9e-06	0.0378	gccaggaggtggggc
5		sigpeak1065	99	113	+	12.0921	7.35e-06	0.04	acctctagagggcaa
5		sigpeak1596	134	148	-	11.9211	7.82e-06	0.0424	ACCTCTAGATGGCGC
5		sigpeak733	415	429	-	11.8947	7.89e-06	0.0426	GCCACTAAGTGGCAT
5		sigpeak1549	111	125	+	11.8421	8.04e-06	0.043	gccaccagatggacg
5		sigpeak1271	429	443	+	11.8421	8.04e-06	0.043	gccaggagaagccac
5		sigpeak350	326	340	-	11.75	8.3e-06	0.0441	GCCAGCAGGGAGCAG
5		sigpeak951	95	109	+	11.7368	8.34e-06	0.0441	gtctccagagggcgc
5		sigpeak201	145	159	+	11.7237	8.38e-06	0.0441	gccaccagaggtcac
5		sigpeak941	117	131	+	11.6316	8.66e-06	0.0454	tcctctagagggcaa
5		sigpeak922	170	184	+	11.6184	8.7e-06	0.0454	acctccagggggctg
5		sigpeak1606	119	133	+	11.5658	8.87e-06	0.0461	accagcaaatggcaa
5		sigpeak377	188	202	+	11.5395	8.96e-06	0.0463	tccagcagtggggag
5		sigpeak1184	517	531	-	11.4737	9.18e-06	0.0473	CCCTGCAGAGGGCGA
5		sigpeak207	17	31	+	11.4474	9.27e-06	0.0473	accaggaagtggcac
5		sigpeak1235	261	275	+	11.4474	9.27e-06	0.0473	accagaagaagccag
5		sigpeak1044	118	132	+	11.3947	9.44e-06	0.0479	ctcagtagatggcga
5		sigpeak305	162	176	-	11.3553	9.57e-06	0.0482	TCCAGGAGAGGGAGT
5		sigpeak1243	164	178	+	11.3421	9.62e-06	0.0482	gccaacagggggcgc
5		sigpeak1511	122	136	-	11.3289	9.66e-06	0.0482	GCCAGTAGAGGTCAG
5		sigpeak1495	250	264	-	11.3289	9.66e-06	0.0482	GACAGCAAAGGGCAG
5		sigpeak592	260	274	+	11.3026	9.76e-06	0.0485	ctcagtagagggctt
5		sigpeak1264	49	63	+	11.2237	1e-05	0.0493	ccctgaagatggcgc
5		sigpeak1138	168	182	+	11.2237	1e-05	0.0493	ctcaggagtgggcac
5		sigpeak486	22	36	+	11.1579	1.03e-05	0.0503	accaccagtgggagg
5		sigpeak1225	292	306	-	11.1447	1.03e-05	0.0503	GCCAGAAGAGGACAG
5		sigpeak238	34	48	-	11.1053	1.05e-05	0.0508	ACCAGTAGGAGCCAG
5		sigpeak1460	110	124	+	11.0526	1.07e-05	0.0515	accaggagagggaga
5		sigpeak153	129	143	+	10.9868	1.09e-05	0.0526	cccagcagatggtcc
5		sigpeak749	329	343	-	10.9079	1.12e-05	0.0538	TCCTCCAGATGGCAA
5		sigpeak4	443	457	-	10.8289	1.15e-05	0.0551	GCCATCAGGTGGCAG
5		sigpeak1384	165	179	+	10.75	1.19e-05	0.0563	gcctgcagggggcct
5		sigpeak399	882	896	-	10.7237	1.2e-05	0.0566	CCCAGAAGGTGGAAT
5		sigpeak810	189	203	+	10.6974	1.21e-05	0.0569	tcctctagatggcat
5		sigpeak1608	256	270	+	10.6842	1.21e-05	0.057	aacagcagatggccc
5		sigpeak1273	200	214	+	10.6184	1.24e-05	0.0581	accacaagaggcctt
5		sigpeak247	329	343	+	10.5789	1.26e-05	0.0585	cccaccagaaggtgg
5		sigpeak1522	127	141	-	10.5789	1.26e-05	0.0585	CCCACCAGAAGGTGG
5		sigpeak450	156	170	-	10.5395	1.28e-05	0.0591	GACACTAGGGGGTGC
5		sigpeak571	56	70	-	10.5132	1.29e-05	0.0594	GCCAGCAGAAGCCTG
5		sigpeak1350	74	88	-	10.4868	1.3e-05	0.0597	ATCACAAGGGGGAAG
5		sigpeak1539	163	177	+	10.4737	1.31e-05	0.0598	ctcacaaggaggcag
5		sigpeak735	279	293	+	10.4474	1.32e-05	0.0601	cccagtaggggctag
5		sigpeak769	604	618	+	10.4342	1.33e-05	0.0601	tccaggcgtgggcac
5		sigpeak268	270	284	+	10.4211	1.33e-05	0.0601	gccaggaggtggatc
5		sigpeak423	206	220	-	10.3816	1.35e-05	0.0607	GCCTCTAGGTGGCTC
5		sigpeak294	371	385	+	10.3158	1.38e-05	0.0616	agcagcagggggcag
5		sigpeak1023	264	278	-	10.3158	1.38e-05	0.0616	CCCAGGAGTGGCCAG
5		sigpeak1071	284	298	-	10.2237	1.43e-05	0.0633	GCCACCAGGGGTCGG
5		sigpeak350	109	123	-	10.1974	1.44e-05	0.0637	CCCAGAAAAGGGCTG
5		sigpeak1583	220	234	+	10.1711	1.46e-05	0.0641	accagtaggaggcta
5		sigpeak106	156	170	+	10.1447	1.47e-05	0.0644	gtctctagatggcac
5		sigpeak697	112	126	+	10.1184	1.48e-05	0.0647	gccaccaggggacgc
5		sigpeak1585	221	235	-	10.1053	1.49e-05	0.0648	GCCAGGAGTGGGAAT
5		sigpeak35	163	177	-	10.0526	1.52e-05	0.0658	ATCTGCAGATGGCAC
5		sigpeak1087	73	87	+	9.96053	1.57e-05	0.0677	gcctccagaggccat
5		sigpeak1080	90	104	-	9.94737	1.58e-05	0.0678	GACAGCAGGGGCCAA
5		sigpeak448	348	362	-	9.93421	1.58e-05	0.0678	GCCAGTAGGAGCCAA
5		sigpeak1379	115	129	-	9.88158	1.61e-05	0.0688	ATCAGAAGGGGGAGG
5		sigpeak1414	144	158	-	9.84211	1.64e-05	0.0695	ACCGGCAGAGGGCGC
5		sigpeak1093	319	333	+	9.81579	1.65e-05	0.0698	gccagaggggggcgg
5		sigpeak924	19	33	+	9.77632	1.67e-05	0.0705	tccagcaggggtcag
5		sigpeak954	173	187	+	9.76316	1.68e-05	0.0707	gtcaggaggtggaag
5		sigpeak759	322	336	-	9.65789	1.74e-05	0.073	ACCACTAGGGGCAAG
5		sigpeak49	104	118	+	9.57895	1.8e-05	0.0748	accagaagagtgcag
5		sigpeak314	362	376	+	9.56579	1.8e-05	0.0749	ccctccagaaggcag
5		sigpeak1236	142	156	+	9.51316	1.84e-05	0.076	gccagcaaatggaac
5		sigpeak159	272	286	-	9.48684	1.85e-05	0.0764	TCCAGAAGAAGGGAG
5		sigpeak1500	14	28	-	9.47368	1.86e-05	0.0765	ATCAGAAGATGGCCT
5		sigpeak644	80	94	-	9.42105	1.9e-05	0.0776	CTCTCTAGAGGGCAG
5		sigpeak1258	282	296	+	9.40789	1.91e-05	0.0777	accagaaatgggcgg
5		sigpeak1216	70	84	-	9.39474	1.91e-05	0.0778	TACACCAGGGGGAAG
5		sigpeak1140	376	390	-	9.38158	1.92e-05	0.0779	CCCTCCAGAGGCCAG
5		sigpeak739	123	137	+	9.35526	1.94e-05	0.0783	gcctggcgggggcag
5		sigpeak1365	205	219	+	9.34211	1.95e-05	0.0783	tcctccagagggtgg
5		sigpeak1015	76	90	-	9.31579	1.97e-05	0.0788	GCCAGCAAGTGGTGG
5		sigpeak15	29	43	+	9.21053	2.04e-05	0.0814	tacacaaggaggcag
5		sigpeak73	137	151	+	9.18421	2.06e-05	0.0816	agcaccagagggcgc
5		sigpeak1098	524	538	+	9.18421	2.06e-05	0.0816	gcccgaaggtggcag
5		sigpeak708	206	220	-	9.15789	2.08e-05	0.082	GCCGGCAGGTGGCGC
5		sigpeak1502	68	82	+	9.09211	2.13e-05	0.0833	cccaccaaggggtag
5		sigpeak1383	64	78	-	9.09211	2.13e-05	0.0833	GCCAGCCGAGGCCCG
5		sigpeak1223	76	90	+	8.93421	2.24e-05	0.0877	tacagaagggggtgg
5		sigpeak1074	144	158	-	8.92105	2.25e-05	0.0877	TCCACCGGAGGGCGC
5		sigpeak283	490	504	+	8.90789	2.26e-05	0.0879	cccagcagaagccaa
5		sigpeak289	164	178	+	8.86842	2.3e-05	0.0885	accactaggtgggga
5		sigpeak141	69	83	+	8.85526	2.31e-05	0.0885	gccacccaggggcat
5		sigpeak1246	384	398	-	8.85526	2.31e-05	0.0885	GTCAGCAGATGGATG
5		sigpeak1653	169	183	+	8.84211	2.32e-05	0.0886	aacaggaggtggcga
5		sigpeak798	274	288	+	8.78947	2.36e-05	0.0897	cacagcagagggcca
5		sigpeak1150	298	312	+	8.78947	2.36e-05	0.0897	cccaggaggtgcctg
5		sigpeak1372	118	132	+	8.76316	2.38e-05	0.0899	gccacgcggtgccag
5		sigpeak908	96	110	-	8.76316	2.38e-05	0.0899	ACCACTAGGAGGCCA
5		sigpeak568	614	628	+	8.71053	2.42e-05	0.0911	gcttccaggtggcac
5		sigpeak1345	395	409	+	8.68421	2.44e-05	0.0911	aacaccagatggaag
5		sigpeak1408	14	28	-	8.68421	2.44e-05	0.0911	GCCAGAAGTTGGAAA
5		sigpeak1240	414	428	+	8.67105	2.45e-05	0.0911	gccaggcggtggtgg
5		sigpeak784	193	207	-	8.67105	2.45e-05	0.0911	GCCAGAAGGGGTCAT
5		sigpeak1236	193	207	-	8.64474	2.48e-05	0.0916	CACAGGAGAAGGCAG
5		sigpeak156	134	148	-	8.61842	2.5e-05	0.0921	GACAGGAGATGGTGC
5		sigpeak39	134	148	+	8.60526	2.51e-05	0.0923	tctagcagatggaag
5		sigpeak1443	124	138	+	8.43421	2.66e-05	0.0972	gccaatagatggcat
5		sigpeak775	127	141	-	8.42105	2.67e-05	0.0972	GCCAGGAGTGGGATG
5		sigpeak1312	37	51	-	8.40789	2.68e-05	0.0972	GCCAGGAGATGACAG
5		sigpeak1298	98	112	-	8.40789	2.68e-05	0.0972	TTCACCAGGTGGCCA
5		sigpeak1609	145	159	-	8.38158	2.7e-05	0.0977	ACCAGGAGGAGGGAG
5		sigpeak247	42	56	+	8.36842	2.71e-05	0.0978	accagaaggtgctgc
5		sigpeak240	132	146	-	8.35526	2.73e-05	0.0979	CTCAGAAAAGGGCGG
5		sigpeak271	147	161	+	8.30263	2.78e-05	0.0988	gccggcagggggctc
5		sigpeak1148	117	131	-	8.30263	2.78e-05	0.0988	CCCAGCAGATGCTAT
5		sigpeak1095	576	590	-	8.30263	2.78e-05	0.0988	CTCAGCAGTAGGCAG
5		sigpeak945	337	351	+	8.27632	2.8e-05	0.0992	accagcagtagccag
5		sigpeak664	293	307	+	8.18421	2.88e-05	0.102	gccaccaaaggggat
5		sigpeak43	256	270	-	8.13158	2.93e-05	0.103	GCCAGCAAGAGGCTG
5		sigpeak621	115	129	+	8.11842	2.94e-05	0.103	gttaccagtgggcgc
5		sigpeak855	466	480	-	8.11842	2.94e-05	0.103	GCCAGCATGTGGCAT
5		sigpeak1203	6	20	+	8.10526	2.96e-05	0.103	ctctgaagggggcgg
5		sigpeak979	228	242	-	8.02632	3.04e-05	0.106	TCCACTAAGGGCCAC
5		sigpeak1365	413	427	+	7.97368	3.09e-05	0.107	cccaccaggtgggcc
5		sigpeak1573	445	459	-	7.94737	3.12e-05	0.108	GCCTGAAGAGGGTGA
5		sigpeak843	158	172	+	7.90789	3.15e-05	0.108	aactcaagggggcag
5		sigpeak1389	106	120	-	7.90789	3.15e-05	0.108	TCCAGGAAAGGCCAG
5		sigpeak342	305	319	-	7.89474	3.17e-05	0.109	CACAGAAGAGGGGAC
5		sigpeak818	173	187	-	7.84211	3.22e-05	0.11	AACTGCAGGTGGCAG
5		sigpeak940	123	137	+	7.81579	3.25e-05	0.111	ctcagccgtgggcag
5		sigpeak1497	92	106	-	7.80263	3.26e-05	0.111	GCCAGAAGTGGCTGC
5		sigpeak376	125	139	-	7.78947	3.28e-05	0.111	GCTAGTAGTGGCCAG
5		sigpeak889	416	430	+	7.73684	3.33e-05	0.112	gccaggagaagggaa
5		sigpeak1167	305	319	+	7.71053	3.36e-05	0.112	tccagacggtggtgg
5		sigpeak248	21	35	+	7.69737	3.37e-05	0.112	accacatgggggcgc
5		sigpeak377	201	215	+	7.69737	3.37e-05	0.112	agcactagatggcag
5		sigpeak4	445	459	+	7.69737	3.37e-05	0.112	gccacctgatggcaa
5		sigpeak1499	70	84	-	7.67105	3.4e-05	0.113	CACACCAGAGGGTGT
5		sigpeak1029	75	89	+	7.64474	3.43e-05	0.113	cacacacgagggcgg
5		sigpeak917	132	146	+	7.64474	3.43e-05	0.113	ttcagcagaagccac
5		sigpeak1481	80	94	-	7.64474	3.43e-05	0.113	TCCACACAGGGGCAG
5		sigpeak1150	150	164	-	7.61842	3.45e-05	0.114	CCCAGAAGAGGGACA
5		sigpeak943	255	269	+	7.59211	3.49e-05	0.114	tccagcaaagggtgt
5		sigpeak874	294	308	-	7.53947	3.54e-05	0.116	GCCACATGGTGGCGC
5		sigpeak1275	450	464	-	7.51316	3.57e-05	0.116	ACCACTAGATGTCAC
5		sigpeak566	163	177	+	7.5	3.59e-05	0.117	gccagacgaggctac
5		sigpeak151	38	52	+	7.43421	3.66e-05	0.119	gctaggaaggggcgg
5		sigpeak307	260	274	+	7.36842	3.74e-05	0.121	acctgtagggggagc
5		sigpeak1007	96	110	-	7.25	3.87e-05	0.125	GCCTGGAAAGGGCGG
5		sigpeak439	28	42	+	7.19737	3.94e-05	0.126	aacaccaggaggctg
5		sigpeak43	534	548	+	7.19737	3.94e-05	0.126	accaggaggaggggc
5		sigpeak626	48	62	-	7.18421	3.95e-05	0.126	ACCAGGAGGGGCTGT
5		sigpeak355	126	140	-	7.18421	3.95e-05	0.126	ACCACAGGGTGGCAG
5		sigpeak372	138	152	-	7.09211	4.06e-05	0.129	GCCGCCAGAGGGTAC
5		sigpeak1383	354	368	-	7.07895	4.08e-05	0.129	GACACACGGTGGCAT
5		sigpeak491	366	380	-	7.05263	4.12e-05	0.129	GCCTGCAGATGCCTG
5		sigpeak1001	155	169	-	7.03947	4.13e-05	0.129	AACAGAAGAAGGCTG
5		sigpeak1633	197	211	-	7.03947	4.13e-05	0.129	GTCTGGAGGGGGCTG
5		sigpeak398	392	406	+	7.02632	4.15e-05	0.129	cccaggaggaggagg
5		sigpeak704	228	242	-	7.02632	4.15e-05	0.129	CACAGCAGAGGCCTG
5		sigpeak1150	424	438	-	7.02632	4.15e-05	0.129	CCCAGGAGGGTGCAG
5		sigpeak1405	16	30	+	7.01316	4.17e-05	0.129	cccaggagttgggac
5		sigpeak1215	138	152	+	6.97368	4.22e-05	0.131	tctaccagatgccat
5		sigpeak237	206	220	-	6.90789	4.3e-05	0.133	GTTAGAAGGGGCCAC
5		sigpeak365	146	160	-	6.86842	4.36e-05	0.134	GCCAGAAGCAGGCAG
5		sigpeak283	630	644	+	6.84211	4.39e-05	0.134	gcttgcagagggccc
5		sigpeak1611	35	49	+	6.82895	4.41e-05	0.134	ctcactaggtgccat
5		sigpeak1661	298	312	+	6.82895	4.41e-05	0.134	accaggagggagcgc
5		sigpeak1467	13	27	-	6.82895	4.41e-05	0.134	GTCAGAAGATGGGGA
5		sigpeak276	73	87	+	6.80263	4.44e-05	0.135	ttcaggaggaggctg
5		sigpeak98	117	131	+	6.80263	4.44e-05	0.135	cccagaacatggcac
5		sigpeak587	261	275	+	6.78947	4.46e-05	0.135	gctagcagtgggagc
5		sigpeak1273	236	250	-	6.77632	4.47e-05	0.135	CACAGAAGGGGGTAA
5		sigpeak257	57	71	+	6.75	4.51e-05	0.135	gccagaagtgggata
5		sigpeak1189	83	97	+	6.75	4.51e-05	0.135	tcctcacgatggcag
5		sigpeak137	168	182	-	6.71053	4.56e-05	0.136	GCCAGGAAATGGGAG
5		sigpeak1254	90	104	+	6.69737	4.58e-05	0.136	accgctagatggcgc
5		sigpeak1432	502	516	-	6.68421	4.6e-05	0.137	TTCTGTAGAGGGCTC
5		sigpeak514	517	531	+	6.67105	4.61e-05	0.137	gactgcaggtggcaa
5		sigpeak53	282	296	-	6.64474	4.65e-05	0.138	CTCAGGCGGTGGCGG
5		sigpeak1169	88	102	-	6.60526	4.71e-05	0.138	ACAAGGAGAGGGCAT
5		sigpeak710	281	295	-	6.60526	4.71e-05	0.138	ACCAGGACAGGGCAT
5		sigpeak267	196	210	-	6.57895	4.74e-05	0.139	GCCTGGCGGTGGCGG
5		sigpeak1243	240	254	+	6.53947	4.8e-05	0.14	tccagatgatggcgc
5		sigpeak1240	230	244	+	6.52632	4.82e-05	0.141	ggcagcaggtggctg
5		sigpeak1283	73	87	+	6.46053	4.91e-05	0.142	gccagaacagggccc
5		sigpeak522	175	189	-	6.46053	4.91e-05	0.142	TACAGGAGAAGGCAA
5		sigpeak411	349	363	+	6.40789	4.99e-05	0.144	gccagcagtggcttc
5		sigpeak1011	114	128	+	6.38158	5.03e-05	0.145	cccactgggtggcag
5		sigpeak1631	575	589	-	6.36842	5.05e-05	0.145	GCCACCAGATTGCTC
5		sigpeak365	69	83	+	6.34211	5.09e-05	0.146	gccagcaggagcagg
5		sigpeak1116	115	129	-	6.32895	5.11e-05	0.146	GCCAGCAGAGGATGG
5		sigpeak982	73	87	+	6.31579	5.13e-05	0.147	gctaggagagggaga
5		sigpeak939	2	16	-	6.30263	5.15e-05	0.147	GCTAGCAAGTGGCAA
5		sigpeak974	1040	1054	+	6.27632	5.19e-05	0.148	gactgcagatggctg
5		sigpeak273	358	372	+	6.25	5.23e-05	0.148	gccacctggtggctg
5		sigpeak1382	187	201	-	6.25	5.23e-05	0.148	ACCACCGGGGGGCGA
5		sigpeak1191	1079	1093	-	6.25	5.23e-05	0.148	GACAGGCGTGGGCAC
5		sigpeak1239	98	112	+	6.23684	5.25e-05	0.148	ccctggaggaggcgg
5		sigpeak70	205	219	-	6.18421	5.33e-05	0.15	GGCAGCAGAGGGAAG
5		sigpeak499	394	408	+	6.15789	5.37e-05	0.15	gccgccaggggccag
5		sigpeak475	214	228	-	6.15789	5.37e-05	0.15	TCCAGACGGGGGAGT
5		sigpeak112	308	322	-	6.14474	5.39e-05	0.15	TCAAGGAGAGGGCAT
5		sigpeak1592	453	467	-	6.14474	5.39e-05	0.15	TTCAGTAGGTGCCTG
5		sigpeak1077	162	176	+	6.10526	5.46e-05	0.151	gccagcagaggaaag
5		sigpeak579	343	357	+	6.07895	5.5e-05	0.152	cccacaaaagggagg
5		sigpeak1378	293	307	-	6.07895	5.5e-05	0.152	TCCACAAAGGGGAGG
5		sigpeak388	180	194	+	6.03947	5.56e-05	0.153	cccagtaattggcat
5		sigpeak1253	157	171	-	6.01316	5.6e-05	0.154	ACCACTAGGTGCAAT
5		sigpeak974	716	730	+	5.98684	5.64e-05	0.154	cacaggaggggccat
5		sigpeak759	244	258	-	5.97368	5.66e-05	0.154	GTTAGGAGGGGCCAG
5		sigpeak404	354	368	-	5.97368	5.66e-05	0.154	ATCACAAGTGGGGAG
5		sigpeak714	28	42	+	5.94737	5.7e-05	0.155	gtcagcaggaggtga
5		sigpeak1353	1	15	+	5.93421	5.73e-05	0.155	gacaggagggggggt
5		sigpeak1054	23	37	+	5.93421	5.73e-05	0.155	gccagccggaggagc
5		sigpeak1110	218	232	+	5.90789	5.77e-05	0.156	gccagcaaaggcaag
5		sigpeak536	159	173	+	5.89474	5.8e-05	0.156	ctcactagggggaga
5		sigpeak127	319	333	-	5.89474	5.8e-05	0.156	GCCACGAGAGGTCTC
5		sigpeak113	224	238	-	5.86842	5.84e-05	0.156	CCCACACGAGGCCTG
5		sigpeak587	127	141	+	5.85526	5.86e-05	0.157	cccatgagggggcat
5		sigpeak59	14	28	+	5.81579	5.93e-05	0.158	gccagaaaaggggtg
5		sigpeak647	654	668	+	5.80263	5.95e-05	0.158	gcaagtagaggccac
5		sigpeak1254	101	115	-	5.78947	5.98e-05	0.159	CTCTGGAGATGGCGC
5		sigpeak560	164	178	+	5.77632	6e-05	0.159	aacagaagaaggtag
5		sigpeak976	42	56	+	5.76316	6.02e-05	0.159	ccctgcaggtggcca
5		sigpeak832	248	262	-	5.75	6.05e-05	0.159	GGCAGGAGTGGGCAC
5		sigpeak924	146	160	-	5.68421	6.16e-05	0.162	AACAGAAGGTGGGGG
5		sigpeak202	25	39	-	5.67105	6.18e-05	0.162	TCCAGGAGGTGCAGG
5		sigpeak1268	113	127	-	5.64474	6.23e-05	0.163	CCCACCATATGGCAT
5		sigpeak1525	231	245	-	5.59211	6.33e-05	0.165	CACAGCAGAGGGTTT
5		sigpeak653	281	295	+	5.59211	6.33e-05	0.165	gtctgcaggtggctt
5		sigpeak216	41	55	+	5.57895	6.35e-05	0.165	gtctctagatggccc
5		sigpeak1119	172	186	+	5.57895	6.35e-05	0.165	gagagcagggggcag
5		sigpeak1552	136	150	+	5.56579	6.38e-05	0.165	cacagacgagggctg
5		sigpeak708	61	75	+	5.48684	6.52e-05	0.168	cccagcagggagctc
5		sigpeak21	206	220	-	5.48684	6.52e-05	0.168	GACAGCAGGGGACAC
5		sigpeak1383	211	225	-	5.46053	6.56e-05	0.169	CCCACGAGTTGGGGC
5		sigpeak1476	134	148	+	5.44737	6.59e-05	0.169	cctagcagtgggaag
5		sigpeak1501	14	28	-	5.42105	6.64e-05	0.169	GCCAGACCAGGGCAG
5		sigpeak1518	210	224	+	5.40789	6.67e-05	0.169	gccagcaggtgaccc
5		sigpeak30	517	531	+	5.40789	6.67e-05	0.169	cccactcgatggggg
5		sigpeak245	7	21	-	5.38158	6.72e-05	0.169	TCCAGGCAGTGGCAG
5		sigpeak927	342	356	-	5.38158	6.72e-05	0.169	CCCAGCCGGAGCCAG
5		sigpeak7	596	610	-	5.38158	6.72e-05	0.169	GCGAGAAGGAGGCAG
5		sigpeak1003	69	83	-	5.36842	6.75e-05	0.169	ACCACCTGGGGGCCC
5		sigpeak1019	250	264	-	5.36842	6.75e-05	0.169	GTCAGAAAATGGTAG
5		sigpeak1532	198	212	+	5.35526	6.77e-05	0.169	cccagaagatgcttc
5		sigpeak55	401	415	-	5.35526	6.77e-05	0.169	ATCTGCAGGGGGTGG
5		sigpeak1586	247	261	-	5.34211	6.8e-05	0.169	ACCAGCAGCTGGCCC
5		sigpeak140	621	635	-	5.34211	6.8e-05	0.169	TTCAGGAGATGCCTC
5		sigpeak279	109	123	+	5.32895	6.82e-05	0.169	tccagaagagagcga
5		sigpeak749	615	629	-	5.32895	6.82e-05	0.169	ACCACAAGAGGCACC
5		sigpeak652	86	100	+	5.31579	6.85e-05	0.17	gccagcagcaggcaa
5		sigpeak1421	63	77	-	5.27632	6.93e-05	0.171	GACAGCAGGGGCAGC
5		sigpeak1581	267	281	-	5.26316	6.96e-05	0.172	ACCAGAAGGGTGCGA
5		sigpeak60	38	52	+	5.25	6.98e-05	0.172	gctaggaaagggcga
5		sigpeak890	105	119	-	5.22368	7.03e-05	0.172	GCCACCAGGAGCTGT
5		sigpeak1605	95	109	-	5.19737	7.09e-05	0.172	ATCAGGAGGTGGAGT
5		sigpeak960	143	157	+	5.19737	7.09e-05	0.172	tacaccagatggagt
5		sigpeak576	152	166	-	5.18421	7.12e-05	0.172	TTCAGCAAGGGCCAG
5		sigpeak673	261	275	+	5.18421	7.12e-05	0.172	gacagaagtgggtgt
5		sigpeak1620	276	290	+	5.18421	7.12e-05	0.172	gtgagcagagggcaa
5		sigpeak826	96	110	-	5.17105	7.14e-05	0.172	TCCTGGAGGTGGAAG
5		sigpeak20	131	145	+	5.17105	7.14e-05	0.172	cacagcaaagggctg
5		sigpeak130	390	404	+	5.17105	7.14e-05	0.172	gccagcagataccag
5		sigpeak1021	240	254	-	5.14474	7.2e-05	0.173	GACTGGAGGGGGCTC
5		sigpeak325	496	510	-	5.13158	7.23e-05	0.174	TTCAGAAGGAGGCTA
5		sigpeak294	199	213	+	5.11842	7.25e-05	0.174	cccaggcgagggagt
5		sigpeak1299	29	43	+	5.09211	7.31e-05	0.175	gccacagggaggcac
5		sigpeak611	180	194	-	5.07895	7.33e-05	0.175	GCCACAATAGGGCTT
5		sigpeak2	24	38	-	5.03947	7.42e-05	0.175	TCCACAAGTTGCCCC
5		sigpeak192	404	418	+	5.02632	7.45e-05	0.175	gtgagaagggggcgc
5		sigpeak241	19	33	-	5.02632	7.45e-05	0.175	ATCTGTAGGAGGCAC
5		sigpeak889	311	325	-	5.02632	7.45e-05	0.175	TCCACACGTGGGTGC
5		sigpeak844	335	349	+	5.01316	7.47e-05	0.175	cccaccaagtggagg
5		sigpeak1311	70	84	-	5.01316	7.47e-05	0.175	CTCAGACGAGGGTGG
5		sigpeak1198	170	184	-	5.01316	7.47e-05	0.175	GTCAACAGATGGCAT
5		sigpeak283	621	635	-	5.01316	7.47e-05	0.175	GCAAGCAGATGGCTT
5		sigpeak1473	146	160	-	5	7.5e-05	0.175	CGCACTAGGTGGCGC
5		sigpeak49	155	169	+	4.98684	7.53e-05	0.175	gccacctggtggtag
5		sigpeak1043	58	72	-	4.98684	7.53e-05	0.175	CTCACTAGAAGGAAG
5		sigpeak979	111	125	-	4.97368	7.56e-05	0.175	ACCAGCAGTGGCTTG
5		sigpeak788	114	128	-	4.97368	7.56e-05	0.175	TTCACAAGATGCCCC
5		sigpeak1390	68	82	+	4.96053	7.59e-05	0.175	gccaggtgggggtag
5		sigpeak139	104	118	-	4.96053	7.59e-05	0.175	GCCTGCGGGGGGCAC
5		sigpeak957	3	17	+	4.94737	7.61e-05	0.176	gacactggagggcag
5		sigpeak409	68	82	+	4.90789	7.7e-05	0.177	gccagaggagggcct
5		sigpeak417	201	215	-	4.90789	7.7e-05	0.177	TCCTGGAGAGGGTGA
5		sigpeak1563	259	273	+	4.88158	7.76e-05	0.178	tccagcagctggccc
5		sigpeak347	103	117	-	4.86842	7.79e-05	0.178	GCCAGGTGTGGGCGC
5		sigpeak869	513	527	+	4.85526	7.82e-05	0.179	cccagctgggggccc
5		sigpeak871	93	107	+	4.80263	7.94e-05	0.181	tctagaagaggggtg
5		sigpeak618	259	273	+	4.78947	7.97e-05	0.181	gtctggagaaggcgc
5		sigpeak657	24	38	-	4.78947	7.97e-05	0.181	AACAGCAGGAGGCCT
5		sigpeak213	37	51	-	4.76316	8.03e-05	0.181	GCAACTAGAGGGTGC
5		sigpeak1367	125	139	-	4.76316	8.03e-05	0.181	TACAGAAGTGGGCTA
5		sigpeak641	250	264	-	4.76316	8.03e-05	0.181	CCCACAAGTAGGAAC
5		sigpeak1487	273	287	-	4.76316	8.03e-05	0.181	GACAGAAAAGGCCAG
5		sigpeak353	170	184	-	4.75	8.06e-05	0.181	GCCTGGAGATGCCTC
5		sigpeak813	26	40	-	4.73684	8.09e-05	0.181	GTCACCAGCTGGCAT
5		sigpeak247	39	53	+	4.72368	8.12e-05	0.181	tctaccagaaggtgc
5		sigpeak1593	473	487	+	4.72368	8.12e-05	0.181	gccagtaggagctgt
5		sigpeak33	94	108	+	4.71053	8.15e-05	0.182	ctcagcagaaggtgt
5		sigpeak58	132	146	+	4.67105	8.25e-05	0.183	gccaggagagaccag
5		sigpeak786	12	26	+	4.65789	8.28e-05	0.183	gcctgcagggcgcac
5		sigpeak646	377	391	+	4.65789	8.28e-05	0.183	cctagcagatgggaa
5		sigpeak586	41	55	+	4.64474	8.31e-05	0.184	accagaaggttgcaa
5		sigpeak842	111	125	-	4.63158	8.34e-05	0.184	ACCAGGAGGTGGGCA
5		sigpeak228	107	121	-	4.59211	8.43e-05	0.186	TCCACTAGGGGTCTC
5		sigpeak396	105	119	+	4.57895	8.46e-05	0.186	aacagcagtgggaat
5		sigpeak571	589	603	+	4.55263	8.53e-05	0.187	ttctccagatggccc
5		sigpeak1192	160	174	+	4.53947	8.56e-05	0.187	tcctggagatgccat
5		sigpeak809	157	171	-	4.53947	8.56e-05	0.187	GTTACTAGAGGCCAA
5		sigpeak887	517	531	+	4.52632	8.59e-05	0.187	tccaccaaggggaga
5		sigpeak907	73	87	+	4.5	8.66e-05	0.189	accagcagctgccac
5		sigpeak855	259	273	+	4.48684	8.69e-05	0.189	ctcagaaggtggaga
5		sigpeak1114	70	84	+	4.47368	8.72e-05	0.189	atctgcagagggagc
5		sigpeak1091	259	273	+	4.47368	8.72e-05	0.189	gcccgaaggaggcgc
5		sigpeak1071	609	623	-	4.46053	8.75e-05	0.189	CCCAGCAGCTGGCCG
5		sigpeak221	138	152	-	4.44737	8.79e-05	0.19	GCCAGACAAGGGAAG
5		sigpeak156	462	476	+	4.39474	8.92e-05	0.192	gcctggagaaggtgg
5		sigpeak1068	128	142	-	4.39474	8.92e-05	0.192	ACCAGGAAGAGGCTG
5		sigpeak1426	184	198	+	4.36842	8.99e-05	0.192	gccacaagaagcaat
5		sigpeak1283	111	125	-	4.36842	8.99e-05	0.192	GCCACCAGGGAGGAG
5		sigpeak572	392	406	+	4.35526	9.03e-05	0.193	ctcagccaggggcag
5		sigpeak365	84	98	-	4.35526	9.03e-05	0.193	CTCAGCCAGGGGCAG
5		sigpeak958	35	49	-	4.32895	9.1e-05	0.194	GACAGAAGGGGACAC
5		sigpeak1467	96	110	+	4.31579	9.13e-05	0.194	acaaccaggtggctc
5		sigpeak1481	214	228	+	4.30263	9.16e-05	0.194	ctctgaagaggccag
5		sigpeak972	284	298	+	4.28947	9.2e-05	0.195	ttcagcagaggctga
5		sigpeak228	120	134	+	4.26316	9.27e-05	0.195	gacactcgaaggcat
5		sigpeak1291	323	337	-	4.26316	9.27e-05	0.195	TACAGCAGTTGGAAC
5		sigpeak1493	56	70	+	4.25	9.3e-05	0.196	tccagcagtttgcag
5		sigpeak1497	36	50	-	4.21053	9.41e-05	0.197	ACCACTAGATGCTTT
5		sigpeak315	57	71	-	4.19737	9.45e-05	0.197	TTCAGAAGGAGGAGG
5		sigpeak1275	149	163	+	4.19737	9.45e-05	0.197	atcacaaagaggcag
5		sigpeak931	148	162	-	4.19737	9.45e-05	0.197	TACTGCAGAGGCCAG
5		sigpeak239	165	179	-	4.19737	9.45e-05	0.197	GCCACTGGGAGGCGC
5		sigpeak267	414	428	+	4.19737	9.45e-05	0.197	accagccgctggcac
5		sigpeak462	95	109	-	4.18421	9.48e-05	0.197	GACAGGAGGTGGAGA
5		sigpeak192	433	447	+	4.17105	9.52e-05	0.197	gacaggagttggaag
5		sigpeak830	54	68	-	4.13158	9.63e-05	0.199	TCCAGTAGGAGCCCT
5		sigpeak1499	105	119	+	4.13158	9.63e-05	0.199	gacaggagtaggcaa
5		sigpeak159	136	150	+	4.11842	9.66e-05	0.199	cacagcaggaggaag
5		sigpeak351	410	424	+	4.10526	9.7e-05	0.2	ctcagcaaaggccgg
5		sigpeak418	165	179	-	4.06579	9.81e-05	0.201	CCAACCAGAAGGCAG
5		sigpeak950	18	32	-	4.05263	9.84e-05	0.202	CCCAGTAGATCGCGT
5		sigpeak936	361	375	+	4.03947	9.88e-05	0.202	ccctgccgaggccac
5		sigpeak1131	39	53	+	4.01316	9.95e-05	0.203	accactggagggctt
5		sigpeak1603	334	348	-	4.01316	9.95e-05	0.203	CTCACCAGTGGCCTG

# FIMO (Find Individual Motif Occurrences): Version 5.2.0 compiled on Oct 25 2020 at 00:01:49
# The format of this file is described at http://meme-suite.org//doc/fimo-output-format.html.
# fimo --oc . --verbosity 1 --thresh 1.0E-4 motifs.meme sig_peaks.fasta
